branch,college_tier,cgpa,backlogs,coding_skills,dsa_score,aptitude_score,communication_skills,ml_knowledge,system_design,internships,projects_count,certifications,hackathons,open_source_contributions,extracurriculars,placement_status,salary_package_lpa
CE,Tier-1,8.26,0,6.3,7.2,66.3,8.4,7.9,7.4,3,2,3,0,1,2,1,28.33
CSE,Tier-1,8.93,0,5.2,7.9,69.7,5.4,8.8,6.5,3,2,0,0,1,1,1,28.1
Chemical,Tier-1,9.09,1,6.5,8.9,72.6,3.6,8.1,4.9,2,2,2,1,0,3,1,27.64
CSE,Tier-1,7.6,0,9.2,5.1,63.4,5.2,7.2,4.0,3,5,3,1,0,0,1,27.38
ECE,Tier-1,8.39,2,5.0,6.3,77.5,6.2,7.2,6.2,3,0,2,0,1,1,1,27.31
IT,Tier-1,8.17,0,5.6,6.0,65.5,9.3,10.0,4.3,2,1,3,1,0,3,1,27.25
Chemical,Tier-1,8.65,2,8.1,7.6,75.2,6.3,7.9,3.4,3,2,3,1,1,0,1,27.16
IT,Tier-1,8.58,0,8.9,8.6,47.5,4.2,7.5,5.1,3,2,1,2,0,2,1,27.05
ME,Tier-1,8.87,0,8.5,6.9,66.6,7.0,8.5,4.2,1,3,1,0,2,1,1,26.96
EE,Tier-1,9.01,0,7.3,8.3,73.8,6.5,3.3,4.6,3,3,4,0,0,0,1,26.91
