month,branch,college_tier,cgpa,internships,projects_count,certifications,placement_status,salary_package_lpa
2026-07-01,ME,Tier-1,7.93,1,2,1,Not Placed,0.0
2026-06-01,CSE,Tier-1,8.73,0,2,2,Placed,11.99
2026-07-01,ISE,Tier-2,5.57,3,1,3,Placed,12.03
2026-04-01,ECE,Tier-1,6.51,1,3,3,Not Placed,0.0
2026-06-01,ISE,Tier-2,8.21,4,3,1,Placed,19.82
2026-01-01,CSE,Tier-1,8.02,2,1,3,Placed,15.12
2026-08-01,ISE,Tier-2,7.91,3,1,0,Placed,11.39
2026-02-01,CSE,Tier-1,7.58,1,3,1,Placed,12.73
2026-06-01,CE,Tier-2,6.95,1,3,2,Not Placed,0.0
2026-01-01,ME,Tier-3,7.22,0,2,0,Placed,9.13
2026-08-01,ECE,Tier-2,7.86,0,1,2,Not Placed,0.0
2026-03-01,ISE,Tier-2,7.33,0,3,2,Placed,11.06
2026-04-01,CE,Tier-2,7.96,0,4,3,Not Placed,0.0
2026-08-01,ECE,Tier-3,7.99,0,1,4,Not Placed,0.0
2026-04-01,CSE,Tier-3,7.56,1,4,6,Not Placed,0.0
2026-01-01,CSE,Tier-1,7.95,2,2,3,Placed,13.03
2026-03-01,ISE,Tier-2,7.63,2,4,2,Placed,13.64
2026-06-01,CE,Tier-2,7.67,0,6,2,Placed,12.65
2026-08-01,CSE,Tier-1,7.85,1,1,2,Not Placed,0.0
2026-07-01,CSE,Tier-3,7.77,2,6,0,Placed,14.39
2026-06-01,CSE,Tier-1,7.13,0,2,3,Not Placed,0.0
2026-08-01,ECE,Tier-2,8.04,3,2,1,Placed,13.26
2026-02-01,CE,Tier-2,9.0,0,1,4,Not Placed,0.0
2026-03-01,CSE,Tier-2,7.29,0,2,2,Not Placed,0.0
2026-02-01,CSE,Tier-1,9.18,2,8,0,Placed,19.05
2026-01-01,CE,Tier-3,8.52,0,0,0,Placed,10.42
2026-01-01,ISE,Tier-2,6.94,1,3,1,Placed,11.35
2026-05-01,ME,Tier-3,7.95,2,5,1,Not Placed,0.0
2026-06-01,ECE,Tier-2,6.97,0,6,0,Placed,11.15
2026-04-01,CSE,Tier-2,8.19,1,1,3,Placed,12.82
2026-04-01,ISE,Tier-3,7.55,1,2,1,Not Placed,0.0
2026-05-01,ECE,Tier-3,7.55,3,1,3,Placed,12.59
2026-02-01,ISE,Tier-3,7.24,3,2,4,Placed,12.45
2026-03-01,CE,Tier-2,7.76,2,3,3,Placed,12.18
2026-02-01,ECE,Tier-1,6.96,0,2,0,Placed,13.27
2026-08-01,CSE,Tier-3,6.16,4,2,0,Placed,12.9
2026-07-01,ECE,Tier-3,6.51,1,0,0,Placed,9.02
2026-05-01,CE,Tier-3,7.06,4,1,2,Placed,10.98
2026-08-01,CSE,Tier-2,8.65,2,2,3,Placed,15.59
2026-07-01,CSE,Tier-1,7.97,1,3,3,Not Placed,0.0
2026-05-01,ME,Tier-2,7.91,0,0,2,Not Placed,0.0
2026-03-01,CSE,Tier-1,8.03,0,1,1,Placed,11.6
2026-05-01,CE,Tier-2,8.36,0,3,2,Not Placed,0.0
2026-01-01,ECE,Tier-2,6.87,2,3,1,Placed,12.59
2026-02-01,ME,Tier-2,7.27,0,2,1,Not Placed,0.0
2026-06-01,ECE,Tier-1,7.61,0,1,1,Placed,13.55
2026-03-01,ISE,Tier-2,8.29,2,3,2,Placed,14.7
2026-05-01,CSE,Tier-1,7.33,0,1,1,Not Placed,0.0
2026-07-01,CSE,Tier-1,7.66,1,6,3,Placed,15.86
2026-04-01,CSE,Tier-1,6.13,1,2,1,Placed,12.07
2026-04-01,CSE,Tier-2,9.65,1,5,3,Placed,14.58
2026-03-01,ME,Tier-1,7.21,2,4,2,Not Placed,0.0
2026-07-01,ISE,Tier-2,7.21,1,0,1,Not Placed,0.0
2026-03-01,ISE,Tier-2,7.8,2,2,2,Placed,12.38
2026-02-01,ECE,Tier-3,7.58,1,3,2,Placed,10.02
2026-04-01,ECE,Tier-2,6.55,2,2,3,Not Placed,0.0
2026-04-01,CSE,Tier-3,7.04,1,3,0,Placed,10.24
2026-02-01,ME,Tier-1,7.08,3,1,2,Placed,15.04
2026-03-01,CE,Tier-2,5.41,2,0,2,Placed,8.19
2026-02-01,CSE,Tier-2,8.32,0,2,0,Not Placed,0.0
2026-01-01,CSE,Tier-2,6.27,1,4,2,Not Placed,0.0
2026-01-01,ECE,Tier-2,5.78,0,3,2,Placed,9.47
2026-05-01,ECE,Tier-2,6.8,0,2,3,Not Placed,0.0
2026-03-01,CSE,Tier-3,7.71,1,1,1,Placed,10.96
2026-07-01,ME,Tier-1,7.8,3,2,3,Not Placed,0.0
2026-03-01,CE,Tier-3,8.28,0,5,2,Placed,12.23
2026-04-01,CSE,Tier-3,7.33,3,2,3,Placed,11.54
2026-03-01,ISE,Tier-2,6.68,1,3,0,Placed,10.48
2026-04-01,ME,Tier-1,7.68,3,4,1,Placed,16.31
2026-01-01,ECE,Tier-2,7.25,1,1,3,Placed,11.45
2026-04-01,CE,Tier-1,7.98,0,5,0,Not Placed,0.0
2026-03-01,ISE,Tier-3,8.66,1,4,2,Placed,14.58
2026-02-01,CSE,Tier-1,6.76,0,3,3,Placed,11.93
2026-04-01,CSE,Tier-1,6.56,1,3,3,Placed,13.71
2026-02-01,CE,Tier-1,7.11,1,0,0,Placed,9.57
2026-06-01,ECE,Tier-2,7.1,2,1,1,Placed,13.7
2026-01-01,CSE,Tier-3,6.64,2,7,2,Not Placed,0.0
2026-06-01,CSE,Tier-1,7.25,0,2,0,Not Placed,0.0
2026-01-01,ECE,Tier-2,5.97,1,5,4,Not Placed,0.0
2026-03-01,CE,Tier-3,7.66,2,1,1,Not Placed,0.0
2026-02-01,ECE,Tier-3,7.54,3,4,1,Placed,15.39
2026-05-01,ISE,Tier-2,8.74,0,2,1,Placed,12.8
2026-06-01,CE,Tier-1,8.91,0,1,2,Placed,13.22
2026-08-01,ECE,Tier-3,7.74,2,2,2,Placed,11.63
2026-01-01,ME,Tier-3,6.87,0,6,0,Not Placed,0.0
2026-07-01,ECE,Tier-3,7.46,2,3,2,Placed,13.88
2026-03-01,ME,Tier-3,8.68,0,6,3,Not Placed,0.0
2026-08-01,ECE,Tier-3,7.95,0,6,0,Not Placed,0.0
2026-03-01,CSE,Tier-2,7.47,0,3,1,Not Placed,0.0
2026-05-01,CSE,Tier-3,7.1,0,0,2,Not Placed,0.0
2026-05-01,ME,Tier-3,5.8,3,1,0,Not Placed,0.0
2026-04-01,ISE,Tier-2,6.71,1,0,1,Not Placed,0.0
2026-06-01,ISE,Tier-3,7.53,0,2,4,Not Placed,0.0
2026-08-01,ISE,Tier-3,8.44,0,5,1,Placed,11.43
2026-07-01,ISE,Tier-2,6.1,3,0,1,Not Placed,0.0
2026-05-01,CE,Tier-3,8.45,1,1,0,Placed,13.02
2026-07-01,ECE,Tier-3,7.4,3,3,3,Placed,11.54
2026-02-01,ISE,Tier-3,6.11,0,3,3,Placed,8.26
2026-08-01,ISE,Tier-2,8.46,0,2,1,Placed,9.28
2026-07-01,ECE,Tier-1,8.89,0,2,2,Placed,12.0
2026-04-01,ECE,Tier-2,7.97,1,5,0,Not Placed,0.0
2026-01-01,ECE,Tier-3,8.16,1,0,3,Not Placed,0.0
2026-02-01,CE,Tier-2,7.43,0,3,0,Placed,10.85
2026-08-01,CE,Tier-1,7.61,1,5,4,Not Placed,0.0
2026-06-01,CE,Tier-2,8.26,1,5,1,Placed,16.3
2026-06-01,CSE,Tier-2,8.04,2,1,0,Placed,13.78
2026-04-01,ISE,Tier-2,8.29,2,0,1,Placed,9.63
2026-02-01,ECE,Tier-2,7.55,1,2,4,Not Placed,0.0
2026-03-01,ECE,Tier-3,8.51,2,3,1,Placed,14.21
2026-06-01,CSE,Tier-3,9.61,1,3,0,Placed,12.43
2026-05-01,CSE,Tier-2,8.0,1,2,3,Placed,12.44
2026-04-01,CSE,Tier-1,9.53,1,3,3,Placed,15.82
2026-01-01,ECE,Tier-1,6.8,0,3,1,Placed,9.25
2026-05-01,ISE,Tier-2,8.18,1,4,1,Placed,14.01
2026-07-01,ME,Tier-2,8.97,2,2,3,Placed,15.24
2026-03-01,ECE,Tier-2,6.1,1,5,2,Not Placed,0.0
2026-01-01,CSE,Tier-2,8.62,0,3,0,Not Placed,0.0
2026-06-01,CE,Tier-3,7.23,2,1,1,Not Placed,0.0
2026-06-01,CSE,Tier-1,7.24,1,2,4,Not Placed,0.0
2026-07-01,CE,Tier-3,7.13,0,3,5,Placed,10.46
2026-02-01,CE,Tier-2,6.69,2,2,5,Placed,12.96
2026-07-01,CE,Tier-2,5.0,2,2,2,Not Placed,0.0
2026-03-01,ECE,Tier-2,6.99,2,2,0,Not Placed,0.0
2026-06-01,CSE,Tier-2,6.96,0,4,3,Not Placed,0.0
2026-06-01,ISE,Tier-2,5.75,0,3,3,Placed,12.53
2026-05-01,CSE,Tier-1,6.61,1,2,1,Not Placed,0.0
2026-08-01,ME,Tier-2,7.47,3,1,2,Placed,13.09
2026-08-01,ECE,Tier-2,7.64,3,0,1,Not Placed,0.0
2026-01-01,ECE,Tier-1,8.48,0,0,2,Not Placed,0.0
2026-04-01,ME,Tier-2,8.02,0,1,2,Placed,11.97
2026-01-01,CE,Tier-2,6.82,0,1,0,Not Placed,0.0
2026-07-01,CSE,Tier-3,6.92,3,2,2,Placed,13.6
2026-03-01,ECE,Tier-2,7.04,3,4,2,Not Placed,0.0
2026-06-01,ISE,Tier-3,6.82,1,3,1,Not Placed,0.0
2026-03-01,CE,Tier-2,7.12,2,1,1,Not Placed,0.0
2026-01-01,ME,Tier-1,6.65,1,3,2,Not Placed,0.0
2026-08-01,ME,Tier-2,6.61,1,3,5,Not Placed,0.0
2026-02-01,ECE,Tier-2,8.84,3,2,3,Placed,18.41
2026-08-01,CSE,Tier-1,7.23,1,3,2,Not Placed,0.0
2026-04-01,ME,Tier-3,7.58,1,2,1,Not Placed,0.0
2026-03-01,ISE,Tier-2,8.83,0,2,5,Placed,13.0
2026-06-01,CSE,Tier-2,9.01,0,4,2,Placed,13.07
2026-01-01,ME,Tier-1,9.1,0,1,3,Placed,11.63
2026-06-01,CSE,Tier-2,6.64,2,0,1,Placed,7.28
2026-07-01,CSE,Tier-1,8.3,2,5,2,Placed,14.23
2026-05-01,ISE,Tier-2,6.53,0,1,2,Not Placed,0.0
2026-05-01,CSE,Tier-2,8.79,2,2,2,Not Placed,0.0
2026-03-01,ISE,Tier-2,7.69,0,3,2,Placed,12.7
2026-06-01,CSE,Tier-1,6.81,1,4,1,Placed,11.6
2026-03-01,CSE,Tier-2,6.14,2,3,4,Not Placed,0.0
2026-08-01,ECE,Tier-2,6.39,1,2,1,Not Placed,0.0
2026-08-01,ISE,Tier-1,7.69,1,1,5,Not Placed,0.0
2026-04-01,CE,Tier-3,6.72,1,0,2,Not Placed,0.0
2026-04-01,ME,Tier-3,7.83,2,3,3,Placed,11.95
2026-01-01,ISE,Tier-1,7.13,1,4,0,Not Placed,0.0
2026-02-01,CSE,Tier-2,7.14,1,3,1,Placed,12.25
2026-06-01,ME,Tier-3,8.12,0,3,1,Placed,10.06
2026-06-01,ME,Tier-2,7.73,0,1,4,Not Placed,0.0
2026-02-01,ISE,Tier-3,7.44,3,3,0,Placed,11.0
2026-06-01,ISE,Tier-2,7.98,0,1,5,Placed,11.55
2026-06-01,ECE,Tier-2,6.92,2,1,3,Not Placed,0.0
2026-02-01,ME,Tier-2,5.07,1,5,2,Not Placed,0.0
2026-04-01,CSE,Tier-3,8.11,1,3,2,Placed,13.11
2026-03-01,CSE,Tier-3,7.69,1,2,1,Placed,12.54
2026-01-01,CSE,Tier-2,6.98,0,2,4,Not Placed,0.0
2026-06-01,CE,Tier-1,6.86,1,6,0,Placed,11.52
2026-07-01,ISE,Tier-3,8.24,2,4,3,Not Placed,0.0
2026-05-01,CSE,Tier-2,6.42,4,1,1,Placed,10.67
2026-01-01,CSE,Tier-2,6.92,2,2,2,Placed,13.47
2026-06-01,ECE,Tier-3,7.62,3,2,3,Placed,11.59
2026-08-01,ME,Tier-3,7.31,1,1,3,Not Placed,0.0
2026-08-01,ECE,Tier-1,7.48,1,1,3,Placed,12.51
2026-08-01,ECE,Tier-2,6.75,1,3,3,Not Placed,0.0
2026-06-01,ECE,Tier-2,7.1,1,2,3,Placed,9.25
2026-04-01,ME,Tier-2,6.72,0,3,2,Placed,11.41
2026-03-01,CSE,Tier-2,6.93,0,2,5,Not Placed,0.0
2026-04-01,CSE,Tier-2,7.03,3,3,2,Placed,13.53
2026-08-01,ECE,Tier-2,8.57,3,2,2,Not Placed,0.0
2026-03-01,CSE,Tier-3,7.2,0,3,5,Not Placed,0.0
2026-06-01,CE,Tier-1,7.02,0,3,6,Not Placed,0.0
2026-06-01,CSE,Tier-2,8.27,0,3,1,Placed,12.32
2026-01-01,ECE,Tier-3,8.21,1,0,1,Placed,11.98
2026-06-01,CSE,Tier-2,6.93,0,3,0,Placed,12.24
2026-07-01,CE,Tier-2,7.07,1,1,2,Not Placed,0.0
2026-08-01,CSE,Tier-2,6.87,0,4,0,Placed,12.73
2026-05-01,CSE,Tier-2,7.2,1,2,0,Placed,11.36
2026-03-01,ECE,Tier-3,8.27,2,2,0,Placed,13.04
2026-04-01,ISE,Tier-3,8.37,4,2,0,Placed,16.87
2026-08-01,ECE,Tier-3,6.6,2,3,4,Not Placed,0.0
2026-07-01,ISE,Tier-2,7.44,0,4,2,Placed,10.47
2026-06-01,ME,Tier-2,7.35,0,6,3,Not Placed,0.0
2026-01-01,CE,Tier-2,6.44,4,0,2,Placed,14.18
2026-08-01,CSE,Tier-2,6.74,2,6,1,Placed,14.51
2026-08-01,CSE,Tier-1,7.41,2,6,1,Placed,13.09
2026-02-01,CE,Tier-3,6.48,3,5,0,Placed,11.81
2026-02-01,CSE,Tier-1,6.75,0,3,1,Placed,13.97
2026-06-01,ME,Tier-2,7.35,2,4,2,Placed,11.48
2026-04-01,CE,Tier-3,7.54,0,2,2,Not Placed,0.0
2026-03-01,ECE,Tier-2,7.8,3,3,6,Placed,15.76
2026-07-01,ISE,Tier-1,5.6,1,1,1,Not Placed,0.0
2026-05-01,CSE,Tier-3,7.49,1,1,0,Placed,11.2
2026-07-01,ISE,Tier-2,6.88,1,2,1,Not Placed,0.0
2026-03-01,ME,Tier-1,8.21,1,2,3,Not Placed,0.0
2026-05-01,ECE,Tier-3,8.77,1,2,2,Placed,11.76
2026-04-01,CSE,Tier-3,6.69,1,5,0,Placed,11.05
2026-05-01,CSE,Tier-1,8.12,0,2,1,Placed,8.66
2026-07-01,CSE,Tier-2,8.23,2,3,0,Placed,15.8
2026-07-01,ME,Tier-3,6.96,2,2,3,Placed,13.25
2026-04-01,CE,Tier-2,7.65,2,2,1,Not Placed,0.0
2026-07-01,ISE,Tier-3,6.55,1,2,5,Not Placed,0.0
2026-01-01,CSE,Tier-2,5.31,1,2,2,Not Placed,0.0
2026-05-01,ME,Tier-2,7.63,1,3,3,Not Placed,0.0
2026-04-01,ISE,Tier-2,8.37,1,5,1,Placed,13.11
2026-05-01,CSE,Tier-2,6.13,1,0,2,Not Placed,0.0
2026-05-01,CSE,Tier-1,8.5,2,2,5,Placed,15.47
2026-02-01,CE,Tier-1,7.46,1,3,1,Placed,11.71
2026-02-01,ISE,Tier-1,6.6,1,1,3,Not Placed,0.0
2026-05-01,CSE,Tier-3,8.23,2,4,2,Not Placed,0.0
2026-03-01,ME,Tier-2,6.47,1,5,3,Not Placed,0.0
2026-02-01,CSE,Tier-2,7.7,2,2,3,Not Placed,0.0
2026-08-01,ISE,Tier-3,7.17,0,1,1,Placed,8.51
2026-02-01,ISE,Tier-2,8.13,1,6,4,Placed,14.27
2026-01-01,CSE,Tier-3,8.19,2,5,1,Placed,14.08
2026-08-01,ECE,Tier-1,5.07,0,1,2,Not Placed,0.0
2026-06-01,CSE,Tier-2,8.84,4,1,3,Placed,16.08
2026-02-01,ME,Tier-3,7.99,2,3,2,Placed,12.59
2026-06-01,ME,Tier-3,7.04,1,2,3,Not Placed,0.0
2026-05-01,ISE,Tier-3,5.63,1,1,2,Not Placed,0.0
2026-04-01,ISE,Tier-1,6.9,0,1,4,Not Placed,0.0
2026-01-01,ECE,Tier-2,6.58,1,4,0,Not Placed,0.0
2026-08-01,CE,Tier-2,7.51,0,8,3,Placed,13.67
2026-01-01,ECE,Tier-3,7.83,1,2,3,Placed,11.66
2026-08-01,CSE,Tier-2,6.3,4,4,1,Placed,14.13
2026-08-01,CSE,Tier-2,9.09,2,2,0,Placed,14.11
2026-05-01,CSE,Tier-1,6.01,1,3,2,Not Placed,0.0
2026-07-01,CE,Tier-3,9.14,3,3,2,Placed,13.89
2026-03-01,ME,Tier-3,6.79,3,1,3,Placed,13.55
2026-05-01,CSE,Tier-2,8.15,0,3,4,Placed,10.31
2026-04-01,CSE,Tier-2,8.79,0,6,1,Placed,16.4
2026-02-01,ME,Tier-1,6.85,1,2,4,Placed,10.4
2026-04-01,CE,Tier-3,7.28,1,0,1,Placed,9.97
2026-04-01,CSE,Tier-3,7.94,2,6,1,Placed,14.74
2026-03-01,ECE,Tier-2,5.61,2,6,2,Not Placed,0.0
2026-01-01,ISE,Tier-2,7.86,1,4,0,Not Placed,0.0
2026-07-01,CSE,Tier-2,6.58,2,6,1,Placed,12.76
2026-02-01,CSE,Tier-2,7.66,3,4,2,Not Placed,0.0
2026-07-01,ISE,Tier-2,7.18,1,4,1,Placed,10.81
2026-02-01,CSE,Tier-1,7.27,4,2,1,Placed,15.29
2026-01-01,ECE,Tier-2,7.68,0,2,3,Placed,11.02
2026-02-01,ECE,Tier-1,6.22,1,3,3,Not Placed,0.0
2026-08-01,ISE,Tier-1,8.2,0,1,2,Placed,14.84
2026-04-01,ECE,Tier-3,7.15,2,3,2,Placed,11.43
2026-07-01,ECE,Tier-3,9.92,2,2,4,Placed,11.94
2026-06-01,ECE,Tier-3,8.34,1,3,2,Not Placed,0.0
2026-07-01,ISE,Tier-3,8.71,0,2,1,Placed,13.48
2026-08-01,CE,Tier-1,6.66,0,4,2,Not Placed,0.0
2026-08-01,ECE,Tier-3,6.9,2,0,2,Not Placed,0.0
2026-04-01,ECE,Tier-1,7.55,2,0,1,Placed,12.14
2026-01-01,ME,Tier-3,8.29,0,0,2,Not Placed,0.0
2026-05-01,ECE,Tier-3,8.9,1,0,3,Placed,12.29
2026-04-01,ISE,Tier-2,7.68,0,3,2,Placed,11.72
2026-04-01,ISE,Tier-3,9.25,1,0,1,Placed,11.35
2026-04-01,CSE,Tier-1,6.46,0,2,2,Placed,8.41
2026-03-01,CE,Tier-3,8.27,1,0,2,Placed,10.44
2026-07-01,CSE,Tier-2,8.03,4,2,2,Placed,17.05
2026-02-01,ECE,Tier-3,9.14,1,6,1,Placed,14.4
2026-05-01,CSE,Tier-2,7.58,0,4,2,Not Placed,0.0
2026-05-01,ECE,Tier-2,7.44,1,0,2,Not Placed,0.0
2026-01-01,CSE,Tier-2,7.91,2,3,1,Not Placed,0.0
2026-08-01,ECE,Tier-3,7.0,2,3,3,Placed,9.93
2026-04-01,CSE,Tier-2,6.12,2,3,2,Not Placed,0.0
2026-02-01,ME,Tier-3,8.48,1,1,2,Placed,11.3
2026-04-01,ECE,Tier-1,6.89,1,2,0,Placed,13.12
2026-07-01,CE,Tier-3,7.05,2,5,1,Placed,12.39
2026-04-01,ME,Tier-2,8.55,1,3,5,Placed,13.84
2026-08-01,ME,Tier-3,7.17,2,1,3,Not Placed,0.0
2026-07-01,CSE,Tier-3,7.41,2,5,1,Placed,9.35
2026-08-01,CSE,Tier-1,7.94,2,0,2,Placed,12.83
2026-06-01,ME,Tier-2,8.24,1,0,0,Placed,10.02
2026-07-01,CSE,Tier-3,8.26,0,3,3,Placed,8.09
2026-05-01,ISE,Tier-2,6.66,4,3,3,Placed,12.53
2026-02-01,ECE,Tier-2,8.91,0,4,1,Placed,11.79
2026-07-01,ME,Tier-1,6.64,0,2,0,Not Placed,0.0
2026-05-01,CE,Tier-1,7.6,4,3,2,Placed,15.95
2026-05-01,ECE,Tier-2,7.89,0,1,1,Placed,8.45
2026-07-01,CSE,Tier-3,7.47,0,2,4,Not Placed,0.0
2026-02-01,ME,Tier-1,8.12,1,3,0,Placed,13.71
2026-03-01,ISE,Tier-2,8.2,1,0,0,Placed,11.39
2026-04-01,ECE,Tier-3,8.58,2,3,0,Placed,14.93
2026-06-01,CSE,Tier-2,8.07,1,3,5,Placed,12.29
2026-03-01,CSE,Tier-3,6.78,1,3,0,Not Placed,0.0
2026-01-01,ME,Tier-3,7.16,1,3,0,Not Placed,0.0
2026-01-01,ECE,Tier-1,7.61,2,3,1,Not Placed,0.0
2026-06-01,ECE,Tier-2,8.33,4,3,1,Placed,16.55
2026-04-01,ISE,Tier-2,6.58,3,4,2,Placed,10.96
2026-07-01,ISE,Tier-2,7.68,0,0,0,Not Placed,0.0
2026-07-01,CSE,Tier-1,7.84,1,3,2,Not Placed,0.0
2026-07-01,ISE,Tier-2,7.34,0,4,1,Not Placed,0.0
2026-06-01,CSE,Tier-3,8.06,1,3,3,Placed,12.19
2026-06-01,CSE,Tier-2,6.46,0,4,1,Not Placed,0.0
2026-02-01,ISE,Tier-1,5.98,0,1,1,Not Placed,0.0
2026-01-01,CSE,Tier-2,7.96,0,0,4,Not Placed,0.0
2026-02-01,ECE,Tier-2,6.84,1,3,2,Placed,11.55
2026-06-01,CSE,Tier-2,5.0,3,4,1,Placed,15.29
2026-05-01,CSE,Tier-3,7.98,0,4,1,Placed,10.76
2026-04-01,CSE,Tier-2,7.56,2,1,4,Placed,12.85
2026-01-01,ECE,Tier-1,8.49,0,2,0,Placed,13.39
2026-05-01,ECE,Tier-1,8.01,1,1,1,Placed,12.58
2026-05-01,CE,Tier-3,7.0,0,2,0,Not Placed,0.0
2026-08-01,ECE,Tier-3,7.99,0,1,1,Not Placed,0.0
2026-01-01,CSE,Tier-2,7.56,1,5,0,Placed,14.28
2026-07-01,ISE,Tier-2,6.42,1,1,1,Placed,9.9
2026-08-01,CE,Tier-1,7.96,1,0,1,Not Placed,0.0
2026-05-01,ECE,Tier-3,7.34,1,4,3,Not Placed,0.0
2026-02-01,ME,Tier-2,7.18,1,1,3,Not Placed,0.0
2026-06-01,ECE,Tier-2,6.63,0,5,2,Placed,12.99
2026-06-01,CE,Tier-2,8.17,0,1,0,Not Placed,0.0
2026-03-01,ECE,Tier-3,6.4,1,5,0,Placed,13.36
2026-01-01,CSE,Tier-2,6.17,2,1,0,Placed,9.62
2026-03-01,ISE,Tier-2,7.6,1,2,5,Not Placed,0.0
2026-03-01,CSE,Tier-2,7.15,2,2,2,Not Placed,0.0
2026-01-01,CSE,Tier-2,7.14,2,4,2,Placed,14.83
2026-05-01,CSE,Tier-3,8.53,0,2,0,Placed,8.4
2026-04-01,ME,Tier-3,6.55,1,4,5,Not Placed,0.0
2026-05-01,ECE,Tier-2,6.77,0,1,2,Not Placed,0.0
2026-06-01,ME,Tier-3,8.75,1,4,1,Placed,12.79
2026-04-01,ISE,Tier-2,7.09,4,2,1,Placed,13.26
2026-06-01,CSE,Tier-3,6.79,1,6,1,Not Placed,0.0
2026-07-01,CSE,Tier-2,8.83,1,2,2,Placed,14.96
2026-07-01,ISE,Tier-2,6.73,3,6,2,Not Placed,0.0
2026-07-01,ME,Tier-1,9.57,3,5,1,Placed,18.43
2026-07-01,ECE,Tier-2,6.37,0,2,3,Not Placed,0.0
2026-03-01,CE,Tier-3,6.74,0,0,4,Not Placed,0.0
2026-08-01,CSE,Tier-1,7.86,0,2,3,Placed,12.14
2026-01-01,CSE,Tier-3,7.24,1,0,2,Not Placed,0.0
2026-04-01,CE,Tier-1,7.4,1,5,5,Placed,13.2
2026-01-01,CE,Tier-2,7.13,2,2,1,Not Placed,0.0
2026-06-01,CSE,Tier-1,8.08,0,2,3,Placed,11.19
2026-07-01,CSE,Tier-3,7.22,2,4,0,Not Placed,0.0
2026-01-01,ME,Tier-2,8.03,0,1,6,Placed,10.01
2026-07-01,ME,Tier-3,7.2,2,4,0,Placed,14.65
2026-03-01,ECE,Tier-2,7.16,0,2,1,Not Placed,0.0
2026-07-01,ECE,Tier-2,7.39,3,7,5,Placed,15.92
2026-03-01,ISE,Tier-2,7.69,1,2,2,Not Placed,0.0
2026-07-01,CSE,Tier-2,7.62,2,1,1,Placed,11.26
2026-08-01,CE,Tier-1,6.54,1,2,4,Placed,11.39
2026-08-01,CSE,Tier-2,7.69,0,0,3,Placed,9.5
2026-03-01,ECE,Tier-1,7.77,1,3,4,Placed,13.62
2026-07-01,ME,Tier-3,7.91,1,0,2,Placed,12.23
2026-08-01,ECE,Tier-3,8.69,0,3,2,Not Placed,0.0
2026-05-01,ECE,Tier-2,6.23,1,5,1,Placed,9.39
2026-01-01,ME,Tier-2,6.44,0,6,1,Not Placed,0.0
2026-06-01,CSE,Tier-3,6.09,0,2,1,Not Placed,0.0
2026-05-01,CSE,Tier-2,8.42,0,3,1,Placed,13.52
2026-08-01,ISE,Tier-2,7.67,0,2,2,Not Placed,0.0
2026-07-01,ECE,Tier-2,6.46,1,5,3,Placed,12.09
2026-03-01,CSE,Tier-3,6.97,1,4,0,Not Placed,0.0
2026-07-01,ECE,Tier-2,8.19,1,3,3,Not Placed,0.0
2026-08-01,CSE,Tier-2,6.12,2,2,4,Placed,7.26
2026-08-01,ME,Tier-1,7.43,1,1,3,Placed,11.25
2026-05-01,CE,Tier-1,7.67,1,4,1,Placed,15.19
2026-02-01,CSE,Tier-2,7.68,1,4,0,Not Placed,0.0
2026-05-01,ME,Tier-2,8.19,0,3,2,Placed,12.54
2026-01-01,CSE,Tier-2,6.72,0,4,2,Not Placed,0.0
2026-05-01,CE,Tier-2,7.17,1,5,0,Placed,10.2
2026-08-01,CE,Tier-1,8.27,2,6,4,Placed,16.54
2026-06-01,CSE,Tier-2,6.83,2,2,5,Placed,10.9
2026-06-01,ECE,Tier-2,8.97,0,0,2,Placed,10.74
2026-08-01,CE,Tier-3,9.12,0,2,2,Not Placed,0.0
2026-08-01,ISE,Tier-1,8.22,2,6,3,Placed,16.28
2026-01-01,CSE,Tier-1,8.52,2,1,2,Placed,15.09
2026-05-01,CSE,Tier-1,8.4,0,3,2,Not Placed,0.0
2026-02-01,CSE,Tier-1,6.03,1,1,3,Placed,9.93
2026-02-01,CSE,Tier-2,6.32,0,1,4,Not Placed,0.0
2026-06-01,CE,Tier-3,9.24,2,1,2,Placed,13.99
2026-03-01,ECE,Tier-3,7.39,0,1,1,Not Placed,0.0
2026-07-01,CSE,Tier-1,7.43,1,2,5,Not Placed,0.0
2026-03-01,CSE,Tier-2,8.48,3,3,4,Placed,15.54
2026-01-01,ISE,Tier-1,9.24,2,1,1,Placed,17.36
2026-05-01,ME,Tier-1,7.56,0,2,4,Not Placed,0.0
2026-07-01,ME,Tier-1,8.2,1,1,2,Placed,12.86
2026-02-01,CSE,Tier-2,5.8,2,1,0,Not Placed,0.0
2026-01-01,ISE,Tier-1,6.96,2,5,1,Not Placed,0.0
2026-03-01,CSE,Tier-2,7.63,1,1,2,Placed,10.29
2026-02-01,CSE,Tier-1,6.13,0,1,3,Placed,9.29
2026-05-01,ECE,Tier-2,6.93,0,2,5,Placed,10.74
2026-01-01,CE,Tier-3,6.94,2,5,0,Placed,11.85
2026-05-01,CE,Tier-1,7.88,0,3,3,Placed,14.59
2026-07-01,CSE,Tier-3,7.81,0,2,1,Placed,8.88
2026-06-01,ME,Tier-3,7.13,3,2,1,Placed,12.96
2026-07-01,CSE,Tier-2,7.25,1,4,0,Not Placed,0.0
2026-05-01,CSE,Tier-1,7.32,0,1,1,Not Placed,0.0
2026-02-01,CE,Tier-2,9.99,2,4,1,Placed,16.86
2026-07-01,CE,Tier-3,8.7,0,4,3,Placed,13.89
2026-02-01,ECE,Tier-3,8.11,3,4,2,Placed,14.41
2026-03-01,ME,Tier-3,5.9,0,3,3,Placed,5.1
2026-05-01,CSE,Tier-2,9.72,2,4,3,Placed,16.62
2026-08-01,ISE,Tier-3,6.46,1,0,4,Placed,6.78
2026-04-01,CSE,Tier-2,8.45,1,2,3,Placed,11.53
2026-02-01,CSE,Tier-3,7.08,1,1,1,Not Placed,0.0
2026-03-01,CSE,Tier-2,8.18,0,1,3,Not Placed,0.0
2026-03-01,CSE,Tier-1,8.27,1,3,1,Placed,16.32
2026-03-01,ECE,Tier-2,7.31,1,2,1,Placed,11.64
2026-04-01,CSE,Tier-2,7.34,1,2,0,Placed,10.03
2026-04-01,CSE,Tier-1,7.21,0,1,0,Placed,9.45
2026-02-01,ECE,Tier-3,8.6,1,5,1,Placed,13.82
2026-05-01,ME,Tier-2,6.14,0,1,3,Not Placed,0.0
2026-04-01,CSE,Tier-2,7.45,3,1,2,Not Placed,0.0
2026-08-01,CE,Tier-3,7.35,0,3,1,Placed,10.23
2026-01-01,CE,Tier-3,8.81,0,3,0,Placed,11.74
2026-03-01,CSE,Tier-2,7.32,1,3,0,Placed,10.6
2026-04-01,CSE,Tier-2,7.49,2,2,1,Placed,13.69
2026-07-01,CSE,Tier-1,8.37,1,5,1,Placed,15.5
2026-05-01,CSE,Tier-1,6.71,1,5,0,Placed,14.61
2026-02-01,ECE,Tier-2,8.07,1,4,2,Placed,12.02
2026-05-01,CSE,Tier-3,6.96,1,4,4,Not Placed,0.0
2026-08-01,ISE,Tier-1,9.25,0,3,4,Not Placed,0.0
2026-05-01,ECE,Tier-3,6.99,2,2,3,Placed,10.63
2026-07-01,CSE,Tier-3,7.92,0,1,1,Placed,9.73
2026-08-01,ECE,Tier-3,6.57,0,2,0,Not Placed,0.0
2026-08-01,ISE,Tier-2,8.1,0,6,0,Placed,13.27
2026-05-01,ME,Tier-2,8.23,2,3,3,Placed,13.28
2026-03-01,CSE,Tier-2,8.19,2,4,1,Placed,11.98
2026-04-01,ECE,Tier-2,8.45,1,4,1,Not Placed,0.0
2026-04-01,ISE,Tier-1,8.63,1,0,0,Placed,14.02
2026-04-01,ECE,Tier-2,7.0,1,1,2,Placed,10.99
2026-08-01,CSE,Tier-2,7.89,2,2,2,Placed,13.23
2026-07-01,ECE,Tier-1,8.43,0,6,3,Not Placed,0.0
2026-07-01,ECE,Tier-2,8.22,4,3,1,Placed,17.04
2026-03-01,ECE,Tier-2,6.59,1,3,2,Not Placed,0.0
2026-05-01,CSE,Tier-2,8.4,3,4,1,Placed,14.34
2026-06-01,ECE,Tier-1,7.44,2,4,0,Placed,14.87
2026-03-01,ECE,Tier-3,7.76,1,2,2,Not Placed,0.0
2026-04-01,ECE,Tier-3,8.41,2,1,2,Placed,15.82
2026-03-01,CSE,Tier-2,7.29,0,3,5,Not Placed,0.0
2026-05-01,CSE,Tier-2,7.67,0,1,1,Not Placed,0.0
2026-02-01,CE,Tier-1,7.47,2,3,1,Placed,13.11
2026-03-01,CSE,Tier-2,7.28,4,2,0,Placed,15.59
2026-06-01,CSE,Tier-3,7.34,2,4,1,Placed,16.38
2026-02-01,CSE,Tier-3,8.24,1,1,1,Not Placed,0.0
2026-02-01,ECE,Tier-2,7.34,1,2,2,Placed,11.31
2026-02-01,ECE,Tier-3,8.03,0,2,1,Placed,12.31
2026-08-01,CSE,Tier-2,7.43,1,2,5,Placed,12.86
2026-02-01,ISE,Tier-2,6.83,1,4,4,Placed,9.73
2026-03-01,CE,Tier-3,8.41,1,0,1,Not Placed,0.0
2026-06-01,ECE,Tier-2,6.41,1,3,2,Not Placed,0.0
2026-05-01,ECE,Tier-2,7.72,1,0,2,Placed,10.08
2026-03-01,ECE,Tier-1,8.14,0,2,1,Placed,16.63
2026-05-01,ISE,Tier-2,7.94,2,2,0,Placed,13.78
2026-07-01,CE,Tier-3,5.61,2,2,2,Placed,12.49
2026-07-01,CSE,Tier-3,6.41,2,3,0,Placed,11.68
2026-03-01,CSE,Tier-1,9.47,2,1,4,Placed,14.65
2026-08-01,ECE,Tier-3,9.06,3,1,1,Placed,11.46
2026-07-01,ECE,Tier-3,6.36,1,5,1,Placed,10.16
2026-02-01,ECE,Tier-3,6.29,1,1,4,Not Placed,0.0
2026-06-01,CSE,Tier-3,7.47,0,4,4,Not Placed,0.0
2026-07-01,CSE,Tier-3,8.16,4,3,3,Placed,13.84
2026-01-01,ISE,Tier-3,6.57,1,3,1,Not Placed,0.0
2026-08-01,ME,Tier-1,7.54,0,0,2,Not Placed,0.0
2026-04-01,ECE,Tier-1,8.12,0,0,1,Placed,10.39
2026-07-01,CSE,Tier-2,6.7,1,1,0,Not Placed,0.0
2026-06-01,ME,Tier-3,6.33,1,1,2,Not Placed,0.0
2026-04-01,ISE,Tier-1,8.36,0,1,3,Placed,11.56
2026-02-01,ISE,Tier-1,7.46,0,2,2,Not Placed,0.0
2026-04-01,CSE,Tier-1,5.92,0,1,3,Not Placed,0.0
2026-06-01,CSE,Tier-2,7.99,1,1,0,Not Placed,0.0
2026-05-01,CE,Tier-3,9.12,0,6,2,Placed,12.41
2026-06-01,CSE,Tier-2,6.34,2,1,4,Not Placed,0.0
2026-01-01,ECE,Tier-2,6.93,0,1,4,Placed,10.09
2026-08-01,CSE,Tier-2,10.0,1,5,3,Placed,14.35
2026-07-01,CSE,Tier-2,6.51,2,3,2,Placed,12.86
2026-01-01,CSE,Tier-1,6.13,1,2,4,Not Placed,0.0
2026-02-01,ME,Tier-2,7.05,2,5,3,Placed,10.04
2026-02-01,ECE,Tier-2,8.15,0,4,4,Placed,11.11
2026-01-01,ECE,Tier-3,8.75,1,1,2,Placed,12.52
2026-07-01,CSE,Tier-2,6.78,1,3,1,Not Placed,0.0
2026-06-01,ECE,Tier-1,7.47,0,3,1,Not Placed,0.0
2026-01-01,ISE,Tier-3,7.34,3,3,1,Placed,14.98
2026-07-01,CE,Tier-2,7.33,0,2,4,Placed,10.34
2026-04-01,ISE,Tier-1,5.84,1,3,2,Placed,11.92
2026-01-01,CE,Tier-3,7.84,1,1,0,Not Placed,0.0
2026-07-01,CSE,Tier-3,6.93,1,1,3,Not Placed,0.0
2026-05-01,ECE,Tier-1,7.24,0,0,3,Not Placed,0.0
2026-02-01,ME,Tier-3,9.81,2,2,3,Placed,11.53
2026-08-01,CE,Tier-2,6.72,1,5,2,Placed,11.58
2026-04-01,CSE,Tier-3,7.59,0,2,2,Not Placed,0.0
2026-03-01,ME,Tier-1,7.63,0,2,1,Placed,10.45
2026-02-01,ME,Tier-2,8.61,0,2,2,Placed,10.93
2026-08-01,ECE,Tier-2,6.44,1,3,0,Not Placed,0.0
2026-02-01,ECE,Tier-1,6.32,0,3,2,Placed,11.64
2026-07-01,ECE,Tier-3,7.83,0,5,2,Not Placed,0.0
2026-02-01,CSE,Tier-1,9.31,1,4,4,Placed,14.93
2026-05-01,ISE,Tier-3,7.85,1,2,3,Placed,8.4
2026-06-01,CE,Tier-2,7.59,0,2,2,Not Placed,0.0
2026-06-01,ISE,Tier-3,6.75,1,2,2,Not Placed,0.0
2026-05-01,ECE,Tier-2,7.03,0,0,2,Placed,9.13
2026-01-01,ECE,Tier-3,8.16,1,3,1,Not Placed,0.0
2026-07-01,CSE,Tier-1,8.18,0,3,0,Placed,11.9
2026-04-01,CSE,Tier-3,8.23,1,0,2,Placed,10.17
2026-01-01,CSE,Tier-2,6.3,1,4,1,Not Placed,0.0
2026-01-01,ISE,Tier-3,9.42,1,3,1,Not Placed,0.0
2026-02-01,CSE,Tier-3,9.32,1,1,1,Placed,12.85
2026-01-01,CSE,Tier-1,7.34,0,2,0,Not Placed,0.0
2026-03-01,ISE,Tier-2,7.52,0,2,0,Placed,12.05
2026-02-01,ISE,Tier-2,7.79,4,3,3,Placed,16.2
2026-04-01,ME,Tier-1,7.04,3,4,1,Not Placed,0.0
2026-07-01,CE,Tier-2,8.93,0,5,2,Placed,13.69
2026-07-01,ME,Tier-1,9.38,1,5,2,Placed,14.79
2026-04-01,ECE,Tier-2,8.91,0,4,2,Not Placed,0.0
2026-06-01,ME,Tier-1,8.76,1,3,3,Placed,13.66
2026-06-01,ME,Tier-3,10.0,1,2,3,Not Placed,0.0
2026-03-01,CSE,Tier-2,5.96,2,2,6,Placed,8.83
2026-05-01,CE,Tier-2,7.63,1,1,3,Placed,12.79
2026-06-01,ME,Tier-2,8.65,1,2,2,Not Placed,0.0
2026-05-01,ECE,Tier-3,7.26,2,5,2,Placed,10.18
2026-02-01,CSE,Tier-3,5.79,1,3,3,Placed,7.45
2026-06-01,ME,Tier-3,7.97,2,2,4,Not Placed,0.0
2026-01-01,CSE,Tier-2,8.01,0,4,3,Placed,11.45
2026-05-01,CE,Tier-2,7.18,1,2,3,Placed,10.06
2026-07-01,CSE,Tier-3,7.53,1,0,2,Not Placed,0.0
2026-04-01,ME,Tier-2,8.13,1,1,4,Placed,10.46
2026-02-01,CSE,Tier-3,7.98,2,3,1,Not Placed,0.0
2026-02-01,ECE,Tier-2,5.96,0,1,2,Not Placed,0.0
2026-06-01,CE,Tier-2,6.91,1,2,2,Not Placed,0.0
2026-07-01,ECE,Tier-3,7.26,0,3,3,Not Placed,0.0
2026-08-01,CSE,Tier-2,7.7,1,3,1,Placed,10.94
2026-05-01,CSE,Tier-2,8.06,0,3,2,Placed,13.33
2026-01-01,CE,Tier-1,7.25,0,1,1,Placed,8.85
2026-03-01,ME,Tier-3,8.61,0,3,2,Placed,11.96
2026-03-01,ECE,Tier-2,8.47,2,3,3,Placed,11.43
2026-02-01,ISE,Tier-1,6.89,1,7,1,Placed,15.68
2026-05-01,ISE,Tier-2,7.51,1,1,2,Not Placed,0.0
2026-01-01,CSE,Tier-1,8.01,2,4,5,Not Placed,0.0
2026-02-01,CSE,Tier-1,7.49,0,3,2,Placed,12.13
2026-02-01,CE,Tier-2,7.52,0,2,3,Placed,11.09
2026-04-01,ECE,Tier-3,9.26,2,4,1,Placed,13.29
2026-02-01,CSE,Tier-2,7.63,0,4,4,Placed,12.0
2026-04-01,CSE,Tier-3,8.55,2,2,3,Placed,12.76
2026-01-01,ME,Tier-3,8.08,3,3,1,Not Placed,0.0
2026-03-01,ECE,Tier-3,6.44,2,5,3,Placed,12.3
2026-05-01,CSE,Tier-2,7.38,0,2,3,Not Placed,0.0
2026-03-01,ME,Tier-3,7.12,3,1,3,Placed,14.02
2026-08-01,ECE,Tier-3,8.42,0,5,1,Not Placed,0.0
2026-03-01,ECE,Tier-2,6.68,2,2,2,Not Placed,0.0
2026-01-01,ECE,Tier-3,7.46,1,1,0,Not Placed,0.0
2026-08-01,CSE,Tier-1,8.89,2,2,0,Not Placed,0.0
2026-03-01,ISE,Tier-1,7.79,1,1,0,Not Placed,0.0
2026-02-01,CSE,Tier-1,8.13,1,1,1,Not Placed,0.0
2026-05-01,ECE,Tier-3,7.39,1,2,3,Placed,12.51
2026-07-01,ECE,Tier-1,7.3,1,4,3,Placed,12.1
2026-07-01,CSE,Tier-2,7.27,1,4,3,Not Placed,0.0
2026-07-01,CE,Tier-2,8.03,0,2,3,Not Placed,0.0
2026-07-01,ISE,Tier-1,7.3,0,3,2,Not Placed,0.0
2026-03-01,CSE,Tier-1,6.17,1,4,3,Not Placed,0.0
2026-05-01,ECE,Tier-2,7.16,1,1,2,Not Placed,0.0
2026-08-01,ECE,Tier-3,5.94,0,5,0,Placed,11.92
2026-01-01,CSE,Tier-3,6.49,1,3,0,Not Placed,0.0
2026-01-01,CSE,Tier-3,7.53,0,2,1,Not Placed,0.0
2026-03-01,ISE,Tier-3,7.46,0,3,3,Placed,9.69
2026-02-01,CSE,Tier-2,7.51,2,3,2,Placed,11.39
2026-05-01,ECE,Tier-1,6.5,1,5,3,Placed,11.31
2026-07-01,ISE,Tier-1,8.09,2,4,0,Placed,14.69
2026-05-01,CE,Tier-3,7.58,1,5,1,Placed,11.4
2026-07-01,CSE,Tier-3,9.33,1,0,2,Placed,12.6
2026-05-01,CSE,Tier-1,8.3,1,1,0,Placed,15.36
2026-07-01,CSE,Tier-3,8.23,1,2,3,Not Placed,0.0
2026-05-01,CSE,Tier-2,8.31,3,2,3,Not Placed,0.0
2026-08-01,ECE,Tier-2,6.77,1,3,4,Not Placed,0.0
2026-02-01,CSE,Tier-2,8.27,1,2,2,Placed,14.16
2026-01-01,ME,Tier-1,7.04,0,4,0,Not Placed,0.0
2026-04-01,ISE,Tier-3,7.3,2,5,3,Placed,10.57
2026-07-01,CSE,Tier-3,7.49,1,3,3,Placed,10.76
2026-07-01,CE,Tier-3,8.61,2,3,1,Placed,12.82
2026-05-01,CE,Tier-2,7.27,3,0,2,Placed,10.65
2026-02-01,ISE,Tier-2,7.76,0,3,6,Placed,10.63
2026-06-01,CSE,Tier-3,7.17,3,1,3,Placed,12.86
2026-02-01,ECE,Tier-1,9.11,0,3,1,Not Placed,0.0
2026-08-01,ME,Tier-1,7.89,1,3,2,Placed,13.71
2026-03-01,CE,Tier-2,7.21,1,4,0,Placed,11.48
2026-03-01,CSE,Tier-3,8.15,0,1,4,Placed,9.3
2026-08-01,ME,Tier-2,6.38,2,0,1,Not Placed,0.0
2026-02-01,CSE,Tier-1,7.36,0,2,2,Not Placed,0.0
2026-02-01,CE,Tier-3,7.19,2,2,4,Placed,8.71
2026-08-01,CSE,Tier-2,7.78,3,2,2,Placed,15.15
2026-04-01,ME,Tier-3,7.66,1,2,1,Placed,10.97
2026-03-01,ME,Tier-1,6.17,1,4,0,Placed,12.73
2026-08-01,CSE,Tier-1,9.79,0,2,0,Placed,15.0
2026-05-01,ECE,Tier-1,8.01,0,3,2,Not Placed,0.0
2026-08-01,ISE,Tier-1,7.48,1,1,8,Placed,11.57
2026-01-01,ISE,Tier-3,6.51,1,1,1,Not Placed,0.0
2026-04-01,CE,Tier-1,7.49,0,1,2,Placed,12.52
2026-02-01,ME,Tier-2,6.05,0,4,3,Not Placed,0.0
2026-08-01,ME,Tier-3,8.2,1,3,5,Placed,11.67
2026-05-01,ECE,Tier-2,7.96,1,2,1,Not Placed,0.0
2026-04-01,ME,Tier-2,8.9,2,5,0,Placed,13.74
2026-08-01,CE,Tier-2,6.73,2,2,1,Placed,12.19
2026-07-01,ME,Tier-3,7.46,2,2,3,Not Placed,0.0
2026-08-01,CSE,Tier-3,6.82,0,1,3,Placed,7.88
2026-03-01,ISE,Tier-1,6.0,1,2,3,Not Placed,0.0
2026-08-01,CSE,Tier-2,7.77,2,5,2,Placed,13.26
2026-04-01,CSE,Tier-3,6.67,2,2,1,Placed,10.81
2026-05-01,CSE,Tier-2,7.48,0,2,2,Not Placed,0.0
2026-04-01,ECE,Tier-1,9.42,4,6,1,Placed,21.48
2026-03-01,ECE,Tier-3,5.5,0,2,5,Not Placed,0.0
2026-01-01,ISE,Tier-1,6.24,0,5,4,Not Placed,0.0
2026-05-01,CSE,Tier-3,7.73,1,1,3,Not Placed,0.0
2026-05-01,ISE,Tier-3,6.87,0,0,2,Not Placed,0.0
2026-01-01,ECE,Tier-2,8.09,0,2,0,Placed,10.52
2026-03-01,CSE,Tier-1,7.83,2,2,1,Not Placed,0.0
2026-01-01,CSE,Tier-2,7.06,1,3,2,Not Placed,0.0
2026-04-01,ECE,Tier-2,9.04,3,2,6,Placed,12.99
2026-08-01,ISE,Tier-2,6.04,2,4,2,Placed,10.77
2026-07-01,ISE,Tier-2,8.59,2,3,3,Not Placed,0.0
2026-03-01,ECE,Tier-2,8.12,1,3,1,Placed,11.48
2026-04-01,CSE,Tier-2,7.12,4,3,1,Placed,13.22
2026-01-01,ME,Tier-2,5.4,0,3,0,Not Placed,0.0
2026-02-01,ECE,Tier-3,7.97,1,0,3,Not Placed,0.0
2026-04-01,ECE,Tier-3,8.14,1,1,1,Not Placed,0.0
2026-08-01,ECE,Tier-3,7.36,1,2,1,Not Placed,0.0
2026-04-01,ECE,Tier-1,5.87,0,1,1,Not Placed,0.0
2026-06-01,ME,Tier-2,7.03,2,2,2,Placed,10.24
2026-05-01,ECE,Tier-1,6.73,1,3,2,Not Placed,0.0
2026-02-01,CSE,Tier-2,6.7,1,1,0,Placed,10.1
2026-02-01,ISE,Tier-2,7.99,1,1,2,Placed,11.23
2026-05-01,ECE,Tier-1,8.54,2,0,2,Not Placed,0.0
2026-07-01,ISE,Tier-2,7.17,1,2,4,Placed,12.09
2026-05-01,ME,Tier-3,6.29,1,1,1,Not Placed,0.0
2026-08-01,CSE,Tier-3,6.61,1,2,1,Not Placed,0.0
2026-01-01,ECE,Tier-1,7.92,3,4,0,Not Placed,0.0
2026-02-01,CSE,Tier-1,7.99,1,2,0,Placed,14.02
2026-06-01,CSE,Tier-2,8.37,1,1,3,Placed,12.15
2026-04-01,ECE,Tier-3,8.12,3,7,0,Placed,17.81
2026-01-01,ISE,Tier-1,7.55,3,1,3,Placed,13.65
2026-06-01,ISE,Tier-2,7.78,0,3,3,Not Placed,0.0
2026-06-01,ME,Tier-3,5.96,1,3,1,Not Placed,0.0
2026-06-01,CSE,Tier-2,7.89,1,5,0,Placed,12.79
2026-04-01,CSE,Tier-2,7.31,2,3,3,Placed,8.64
2026-05-01,CSE,Tier-2,8.32,1,3,5,Placed,13.88
2026-03-01,CSE,Tier-3,5.96,2,2,2,Not Placed,0.0
2026-03-01,ME,Tier-2,7.66,1,2,2,Not Placed,0.0
2026-04-01,ECE,Tier-2,5.76,2,2,2,Not Placed,0.0
2026-05-01,ISE,Tier-3,8.7,1,4,1,Not Placed,0.0
2026-05-01,ME,Tier-3,7.56,1,3,2,Placed,12.7
2026-02-01,ME,Tier-3,7.92,1,2,2,Placed,9.64
2026-02-01,CSE,Tier-2,9.29,1,5,1,Placed,15.8
2026-05-01,ME,Tier-1,7.32,3,2,6,Not Placed,0.0
2026-01-01,CE,Tier-3,9.04,1,3,4,Not Placed,0.0
2026-02-01,CSE,Tier-3,8.19,2,2,3,Placed,12.65
2026-02-01,CSE,Tier-2,7.45,0,1,2,Not Placed,0.0
2026-02-01,ME,Tier-1,6.66,0,1,0,Not Placed,0.0
2026-03-01,ECE,Tier-2,6.6,1,0,1,Placed,8.87
2026-08-01,ISE,Tier-1,9.29,3,3,5,Placed,18.45
2026-05-01,CSE,Tier-3,7.46,2,2,2,Placed,12.94
2026-04-01,CSE,Tier-2,6.89,1,6,0,Not Placed,0.0
2026-08-01,CSE,Tier-3,7.84,1,1,2,Placed,9.3
2026-07-01,ECE,Tier-2,6.94,0,2,2,Placed,8.35
2026-01-01,CSE,Tier-2,7.18,1,5,2,Placed,14.54
2026-08-01,CSE,Tier-2,7.12,0,3,4,Placed,10.45
2026-05-01,CE,Tier-2,6.1,2,1,0,Not Placed,0.0
2026-05-01,ME,Tier-2,9.37,1,2,1,Placed,12.49
2026-04-01,ISE,Tier-2,8.78,2,2,2,Not Placed,0.0
2026-03-01,CSE,Tier-2,8.04,2,1,3,Placed,14.11
2026-05-01,CE,Tier-2,6.24,2,3,3,Not Placed,0.0
2026-06-01,ME,Tier-2,6.91,2,1,4,Not Placed,0.0
2026-08-01,ME,Tier-1,7.47,3,0,2,Placed,16.0
2026-07-01,ME,Tier-3,7.25,3,2,0,Placed,10.31
2026-08-01,ECE,Tier-2,7.84,0,1,0,Placed,9.86
2026-04-01,CSE,Tier-2,7.92,1,1,2,Placed,10.25
2026-05-01,CSE,Tier-2,8.38,0,3,3,Placed,14.78
2026-06-01,ISE,Tier-1,7.27,1,0,3,Not Placed,0.0
2026-08-01,CSE,Tier-2,7.16,1,4,2,Placed,13.22
2026-05-01,CE,Tier-2,6.61,1,6,1,Placed,13.4
2026-05-01,ME,Tier-1,6.14,0,0,3,Not Placed,0.0
2026-05-01,CSE,Tier-2,7.12,2,4,1,Placed,8.54
2026-06-01,ISE,Tier-1,8.32,0,2,1,Placed,11.71
2026-07-01,CE,Tier-2,7.43,1,2,3,Placed,10.31
2026-01-01,ISE,Tier-2,6.89,1,0,2,Not Placed,0.0
2026-03-01,CSE,Tier-3,6.66,3,1,3,Not Placed,0.0
2026-05-01,ISE,Tier-3,7.47,2,2,3,Placed,11.54
2026-03-01,CSE,Tier-2,6.47,0,3,3,Not Placed,0.0
2026-01-01,ISE,Tier-1,7.64,1,0,2,Not Placed,0.0
2026-06-01,CSE,Tier-2,8.08,1,4,5,Placed,13.88
2026-07-01,ECE,Tier-3,8.52,2,6,5,Placed,12.07
2026-02-01,CSE,Tier-2,8.49,2,1,1,Placed,14.27
2026-02-01,ECE,Tier-3,6.9,2,1,2,Not Placed,0.0
2026-06-01,ISE,Tier-2,6.13,0,3,2,Placed,10.53
2026-05-01,CE,Tier-2,7.0,1,0,1,Not Placed,0.0
2026-07-01,ME,Tier-2,6.13,3,3,1,Placed,12.92
2026-02-01,ECE,Tier-1,8.06,1,1,1,Not Placed,0.0
2026-04-01,ME,Tier-2,6.43,2,3,0,Placed,11.48
2026-06-01,ME,Tier-2,8.99,2,3,3,Placed,15.66
2026-04-01,CSE,Tier-1,7.68,2,1,2,Not Placed,0.0
2026-07-01,ISE,Tier-2,6.76,1,3,1,Not Placed,0.0
2026-07-01,ECE,Tier-2,8.69,2,4,1,Placed,14.36
2026-01-01,ME,Tier-2,7.5,0,5,3,Placed,9.28
2026-07-01,ISE,Tier-3,6.92,1,5,2,Not Placed,0.0
2026-02-01,ME,Tier-2,7.67,1,0,2,Not Placed,0.0
2026-04-01,CSE,Tier-3,8.38,0,6,2,Placed,15.67
2026-06-01,ECE,Tier-3,7.55,4,1,3,Placed,11.79
2026-07-01,CE,Tier-1,8.58,0,2,1,Placed,14.78
2026-02-01,ISE,Tier-3,6.76,2,2,1,Placed,11.9
2026-04-01,CSE,Tier-3,8.19,2,0,1,Placed,11.56
2026-02-01,CE,Tier-2,8.17,1,0,0,Not Placed,0.0
2026-06-01,ECE,Tier-3,7.25,0,3,2,Placed,9.35
2026-07-01,ISE,Tier-3,8.08,4,1,2,Placed,11.83
2026-08-01,ISE,Tier-2,6.77,0,3,1,Placed,8.32
2026-04-01,CSE,Tier-3,8.02,4,3,1,Placed,16.02
2026-03-01,CE,Tier-1,6.31,3,2,4,Placed,13.04
2026-06-01,CSE,Tier-2,7.48,2,2,2,Not Placed,0.0
2026-03-01,ECE,Tier-3,8.1,0,6,1,Placed,11.7
2026-06-01,ISE,Tier-3,7.28,2,0,2,Placed,10.79
2026-03-01,ME,Tier-3,5.91,1,3,1,Placed,11.49
2026-03-01,CSE,Tier-2,7.8,0,6,1,Not Placed,0.0
2026-03-01,CSE,Tier-2,7.58,0,2,6,Not Placed,0.0
2026-07-01,ECE,Tier-2,7.06,1,1,3,Placed,9.66
2026-06-01,CSE,Tier-1,7.65,0,4,2,Not Placed,0.0
2026-02-01,ECE,Tier-2,7.42,1,4,0,Placed,10.24
2026-02-01,CSE,Tier-1,6.78,1,3,6,Not Placed,0.0
2026-04-01,CSE,Tier-2,7.7,3,2,2,Not Placed,0.0
2026-02-01,ECE,Tier-3,8.3,0,1,2,Placed,9.86
2026-01-01,CSE,Tier-2,7.92,1,0,2,Not Placed,0.0
2026-01-01,ECE,Tier-1,7.89,1,1,4,Placed,10.45
2026-08-01,CSE,Tier-1,6.24,0,0,1,Placed,11.89
2026-04-01,CSE,Tier-3,7.7,2,2,1,Placed,13.0
2026-07-01,ISE,Tier-2,6.94,2,5,2,Placed,12.62
2026-01-01,ME,Tier-1,9.52,0,3,3,Not Placed,0.0
2026-03-01,ECE,Tier-2,5.6,2,1,6,Placed,9.98
2026-06-01,ECE,Tier-3,7.72,4,2,2,Not Placed,0.0
2026-05-01,ECE,Tier-1,6.99,1,6,2,Not Placed,0.0
2026-06-01,CSE,Tier-2,7.34,3,3,4,Not Placed,0.0
2026-02-01,ECE,Tier-2,9.32,1,4,3,Placed,15.24
2026-02-01,ISE,Tier-2,5.86,0,3,2,Placed,7.32
2026-02-01,ME,Tier-3,7.68,1,0,2,Placed,9.87
2026-01-01,CSE,Tier-3,8.92,1,5,2,Placed,11.58
2026-01-01,ECE,Tier-1,8.65,0,2,2,Not Placed,0.0
2026-02-01,CSE,Tier-3,7.44,0,7,3,Placed,12.0
2026-01-01,CE,Tier-2,9.01,2,0,2,Not Placed,0.0
2026-01-01,CSE,Tier-3,6.45,2,2,2,Not Placed,0.0
2026-06-01,CSE,Tier-3,7.17,0,7,1,Not Placed,0.0
2026-03-01,ME,Tier-3,8.44,0,5,5,Placed,12.2
2026-05-01,ECE,Tier-1,7.14,0,3,0,Placed,14.33
2026-06-01,ME,Tier-1,6.56,2,0,2,Not Placed,0.0
2026-05-01,ECE,Tier-1,6.73,3,0,3,Placed,13.3
2026-02-01,ISE,Tier-2,8.42,1,3,2,Placed,12.18
2026-01-01,CSE,Tier-2,7.16,3,3,2,Placed,14.43
2026-08-01,CE,Tier-1,6.22,1,2,4,Not Placed,0.0
2026-07-01,ECE,Tier-1,9.22,1,1,1,Placed,11.61
2026-08-01,CE,Tier-1,8.21,0,0,5,Not Placed,0.0
2026-06-01,CSE,Tier-1,7.16,2,1,1,Not Placed,0.0
2026-05-01,CSE,Tier-1,5.97,2,3,4,Not Placed,0.0
2026-05-01,CSE,Tier-3,6.38,3,3,4,Not Placed,0.0
2026-02-01,CSE,Tier-2,6.44,0,6,3,Placed,11.49
2026-01-01,CE,Tier-3,7.39,1,2,2,Placed,11.15
2026-03-01,CE,Tier-3,7.47,2,4,1,Not Placed,0.0
2026-02-01,ISE,Tier-2,6.36,0,2,1,Placed,10.15
2026-08-01,ME,Tier-3,6.42,0,4,2,Not Placed,0.0
2026-08-01,CE,Tier-1,7.9,0,3,0,Not Placed,0.0
2026-06-01,ECE,Tier-1,6.39,1,4,3,Not Placed,0.0
2026-06-01,ECE,Tier-3,7.31,1,2,3,Not Placed,0.0
2026-01-01,CSE,Tier-2,8.39,2,2,1,Placed,13.13
2026-04-01,CSE,Tier-3,7.71,0,2,2,Not Placed,0.0
2026-08-01,CSE,Tier-2,6.95,0,3,2,Not Placed,0.0
2026-07-01,ISE,Tier-1,7.5,1,4,2,Placed,13.57
2026-01-01,ISE,Tier-3,8.53,1,1,2,Not Placed,0.0
2026-01-01,ISE,Tier-2,6.94,2,1,1,Not Placed,0.0
2026-04-01,ISE,Tier-3,8.07,2,2,1,Placed,14.97
2026-06-01,ECE,Tier-2,8.77,0,3,3,Placed,12.69
2026-08-01,ISE,Tier-3,5.38,2,2,4,Not Placed,0.0
2026-04-01,ME,Tier-1,7.52,0,8,3,Placed,11.25
2026-04-01,ECE,Tier-2,8.62,0,2,1,Not Placed,0.0
2026-06-01,ECE,Tier-2,7.45,0,6,1,Not Placed,0.0
2026-05-01,CSE,Tier-1,5.77,1,2,0,Not Placed,0.0
2026-02-01,ISE,Tier-2,7.49,1,3,0,Placed,11.55
2026-08-01,ME,Tier-2,7.54,1,2,0,Not Placed,0.0
2026-07-01,CE,Tier-2,7.33,0,2,3,Not Placed,0.0
2026-02-01,CSE,Tier-2,5.52,1,2,1,Not Placed,0.0
2026-03-01,CSE,Tier-3,7.3,0,4,2,Placed,11.2
2026-07-01,CSE,Tier-3,7.75,2,6,2,Placed,13.54
2026-07-01,CSE,Tier-3,7.38,2,3,2,Not Placed,0.0
2026-05-01,CE,Tier-3,5.0,1,2,1,Not Placed,0.0
2026-04-01,CSE,Tier-1,6.47,0,2,3,Not Placed,0.0
2026-07-01,ISE,Tier-1,6.23,0,0,0,Not Placed,0.0
2026-02-01,CSE,Tier-2,5.96,1,2,1,Not Placed,0.0
2026-07-01,CSE,Tier-1,7.38,1,3,2,Placed,12.37
2026-06-01,CSE,Tier-1,7.32,1,3,5,Placed,11.18
2026-08-01,ISE,Tier-3,8.06,1,1,2,Not Placed,0.0
2026-08-01,ECE,Tier-3,7.16,2,4,3,Not Placed,0.0
2026-05-01,ME,Tier-2,8.54,1,3,6,Placed,12.96
2026-05-01,ISE,Tier-1,8.05,0,2,1,Not Placed,0.0
2026-02-01,ISE,Tier-2,8.0,0,3,1,Placed,10.24
2026-07-01,ISE,Tier-1,7.47,1,2,1,Placed,13.3
2026-07-01,ISE,Tier-2,6.44,1,3,1,Not Placed,0.0
2026-01-01,CSE,Tier-2,8.25,1,4,1,Placed,14.29
2026-04-01,ECE,Tier-1,8.37,0,3,2,Placed,14.77
2026-02-01,ECE,Tier-2,6.66,1,2,3,Not Placed,0.0
2026-08-01,ME,Tier-2,6.56,0,2,1,Not Placed,0.0
2026-03-01,CE,Tier-2,8.46,3,4,0,Placed,13.36
2026-03-01,ISE,Tier-2,7.98,1,2,0,Placed,12.5
2026-08-01,CSE,Tier-3,6.99,0,1,1,Not Placed,0.0
2026-05-01,ME,Tier-1,7.43,2,3,1,Placed,12.54
2026-01-01,ECE,Tier-2,7.39,0,0,2,Placed,11.34
2026-08-01,ECE,Tier-2,7.39,4,4,0,Not Placed,0.0
2026-02-01,ISE,Tier-1,7.01,2,2,5,Not Placed,0.0
2026-03-01,CE,Tier-3,8.17,0,2,0,Placed,12.32
2026-04-01,CSE,Tier-3,7.88,2,1,3,Placed,11.06
2026-08-01,CE,Tier-1,7.13,3,2,1,Not Placed,0.0
2026-02-01,CSE,Tier-3,6.3,1,3,3,Not Placed,0.0
2026-07-01,CSE,Tier-2,6.53,0,5,2,Placed,9.57
2026-01-01,ISE,Tier-1,7.37,2,1,2,Not Placed,0.0
2026-05-01,ECE,Tier-1,6.25,2,6,1,Placed,13.85
2026-06-01,ECE,Tier-3,8.84,2,2,2,Placed,12.84
2026-05-01,ME,Tier-1,7.69,1,0,0,Not Placed,0.0
2026-08-01,ME,Tier-2,6.87,1,3,3,Placed,10.85
2026-08-01,CSE,Tier-2,7.38,1,4,3,Placed,13.23
2026-04-01,ECE,Tier-3,7.19,1,4,2,Placed,13.02
2026-05-01,ISE,Tier-3,7.06,1,1,2,Not Placed,0.0
2026-07-01,CE,Tier-1,6.94,0,4,1,Placed,13.38
2026-04-01,ECE,Tier-2,8.11,2,7,2,Placed,15.61
2026-06-01,CSE,Tier-1,8.43,0,5,1,Not Placed,0.0
2026-06-01,ISE,Tier-3,5.95,0,4,1,Not Placed,0.0
2026-08-01,ECE,Tier-3,7.29,2,2,1,Placed,8.84
2026-03-01,ME,Tier-2,6.96,0,0,2,Placed,10.49
2026-01-01,ECE,Tier-1,7.32,1,2,3,Placed,13.01
2026-01-01,CSE,Tier-2,8.06,1,3,4,Placed,13.1
2026-07-01,ECE,Tier-2,6.61,1,3,1,Not Placed,0.0
2026-04-01,ME,Tier-3,6.73,3,3,1,Placed,11.55
2026-01-01,ISE,Tier-2,6.57,0,3,1,Not Placed,0.0
2026-01-01,CSE,Tier-2,7.98,2,4,0,Placed,11.74
2026-06-01,ECE,Tier-2,6.52,1,1,0,Not Placed,0.0
2026-02-01,ECE,Tier-1,6.11,1,2,0,Not Placed,0.0
2026-03-01,CSE,Tier-1,7.72,0,1,4,Not Placed,0.0
2026-01-01,ISE,Tier-2,8.65,1,3,0,Placed,12.68
2026-04-01,CSE,Tier-2,7.22,4,1,1,Not Placed,0.0
2026-03-01,CSE,Tier-2,6.29,0,0,0,Placed,9.09
2026-07-01,CE,Tier-1,7.17,0,4,3,Placed,10.47
2026-01-01,CSE,Tier-3,7.39,1,1,1,Placed,8.34
2026-07-01,ISE,Tier-3,8.3,0,5,2,Placed,15.56
2026-07-01,ME,Tier-2,7.7,2,3,0,Placed,14.14
2026-02-01,ECE,Tier-3,7.95,3,1,2,Placed,14.07
2026-03-01,CE,Tier-3,8.05,3,5,3,Placed,14.54
2026-07-01,ISE,Tier-3,7.16,1,0,1,Not Placed,0.0
2026-08-01,ISE,Tier-3,9.09,1,1,1,Placed,13.0
2026-02-01,ISE,Tier-2,5.9,1,3,4,Placed,10.73
2026-03-01,ME,Tier-2,7.4,1,8,3,Not Placed,0.0
2026-06-01,ISE,Tier-2,8.27,2,4,4,Placed,13.83
2026-05-01,ME,Tier-3,7.04,0,3,0,Not Placed,0.0
2026-02-01,ME,Tier-2,8.4,0,2,1,Placed,11.65
2026-04-01,ME,Tier-1,7.65,0,1,1,Not Placed,0.0
2026-03-01,ECE,Tier-2,8.01,0,1,3,Placed,12.05
2026-04-01,CE,Tier-1,7.84,1,0,2,Not Placed,0.0
2026-07-01,CE,Tier-2,7.35,1,4,1,Not Placed,0.0
2026-02-01,CSE,Tier-2,8.49,2,3,2,Placed,14.58
2026-03-01,CSE,Tier-2,8.12,0,2,1,Not Placed,0.0
2026-03-01,ECE,Tier-3,8.2,1,2,4,Placed,12.47
2026-05-01,CSE,Tier-1,7.58,0,0,3,Not Placed,0.0
2026-05-01,ECE,Tier-1,7.4,1,1,3,Placed,12.74
2026-02-01,ME,Tier-1,7.41,0,5,1,Not Placed,0.0
2026-02-01,ISE,Tier-2,6.83,0,5,1,Placed,9.61
2026-07-01,CE,Tier-1,8.33,1,4,1,Placed,15.08
2026-03-01,ISE,Tier-2,6.2,1,1,0,Not Placed,0.0
2026-06-01,CSE,Tier-3,6.76,1,2,2,Not Placed,0.0
2026-06-01,ECE,Tier-2,7.72,0,3,0,Placed,10.59
2026-01-01,CE,Tier-1,6.56,2,0,1,Placed,11.37
2026-08-01,CE,Tier-2,6.96,1,2,3,Placed,12.25
2026-01-01,ME,Tier-1,8.45,1,1,8,Placed,13.6
2026-01-01,ISE,Tier-2,7.79,3,2,1,Placed,13.95
2026-03-01,ECE,Tier-2,6.23,1,2,1,Placed,10.11
2026-06-01,CE,Tier-2,7.13,1,0,2,Placed,11.73
2026-07-01,ECE,Tier-1,8.11,1,5,3,Placed,15.51
2026-06-01,CE,Tier-1,8.55,2,4,2,Placed,17.24
2026-02-01,ME,Tier-2,6.8,2,4,3,Placed,11.11
2026-06-01,CE,Tier-2,6.59,2,4,2,Placed,13.05
2026-02-01,CSE,Tier-2,7.44,0,3,0,Placed,11.54
2026-01-01,CSE,Tier-2,6.66,1,2,3,Not Placed,0.0
2026-01-01,CSE,Tier-3,7.37,2,3,2,Placed,12.49
2026-01-01,ISE,Tier-1,7.09,0,1,2,Not Placed,0.0
2026-07-01,ME,Tier-3,8.44,2,1,2,Placed,12.7
2026-08-01,CSE,Tier-2,7.57,4,2,2,Placed,14.5
2026-07-01,ECE,Tier-1,7.82,0,7,3,Not Placed,0.0
2026-08-01,CE,Tier-1,7.64,0,3,2,Not Placed,0.0
2026-01-01,ISE,Tier-1,8.38,2,3,3,Placed,16.08
2026-05-01,CSE,Tier-3,7.85,2,1,1,Placed,13.3
2026-05-01,ME,Tier-2,8.55,1,1,3,Placed,11.7
2026-06-01,ECE,Tier-1,7.47,0,3,0,Placed,14.09
2026-04-01,ISE,Tier-2,7.72,1,3,1,Placed,10.24
2026-03-01,ECE,Tier-3,6.8,1,3,3,Not Placed,0.0
2026-07-01,CE,Tier-2,6.84,2,2,2,Not Placed,0.0
2026-03-01,ECE,Tier-3,6.47,0,1,4,Placed,9.37
2026-07-01,CSE,Tier-2,6.37,2,3,3,Not Placed,0.0
2026-06-01,CSE,Tier-3,7.45,0,2,2,Not Placed,0.0
2026-01-01,ECE,Tier-3,7.54,1,4,2,Placed,9.25
2026-06-01,ECE,Tier-2,7.47,1,3,5,Placed,10.66
2026-02-01,CE,Tier-2,6.64,3,4,0,Placed,12.53
2026-03-01,ECE,Tier-1,7.66,0,3,3,Not Placed,0.0
2026-08-01,CSE,Tier-1,8.2,0,3,0,Placed,11.26
2026-04-01,CSE,Tier-1,8.79,0,4,3,Placed,14.22
2026-08-01,ECE,Tier-2,7.85,1,2,0,Placed,13.15
2026-07-01,CSE,Tier-2,7.7,0,4,3,Not Placed,0.0
2026-02-01,CSE,Tier-3,8.09,0,1,2,Placed,10.14
2026-08-01,CSE,Tier-1,7.02,2,1,2,Not Placed,0.0
2026-01-01,CSE,Tier-1,7.51,1,1,1,Not Placed,0.0
2026-07-01,CSE,Tier-2,7.04,1,5,2,Placed,11.31
2026-01-01,CSE,Tier-3,7.99,4,4,2,Placed,14.36
2026-03-01,ISE,Tier-2,7.06,0,2,2,Not Placed,0.0
2026-02-01,CSE,Tier-2,8.91,1,3,2,Placed,12.38
2026-05-01,ECE,Tier-2,9.09,0,1,3,Placed,9.12
2026-06-01,ME,Tier-2,7.3,2,2,2,Placed,11.17
2026-04-01,CE,Tier-1,6.73,1,2,3,Placed,11.29
2026-02-01,CSE,Tier-3,8.03,0,4,0,Placed,11.31
2026-06-01,CSE,Tier-3,6.98,0,3,3,Not Placed,0.0
2026-07-01,ECE,Tier-1,9.53,1,5,2,Placed,15.89
2026-02-01,CE,Tier-3,7.32,2,2,3,Not Placed,0.0
2026-07-01,ME,Tier-1,7.26,3,2,2,Not Placed,0.0
2026-07-01,ISE,Tier-1,7.94,2,3,3,Placed,14.88
2026-02-01,CSE,Tier-2,8.7,1,0,5,Placed,12.78
2026-05-01,CE,Tier-1,8.3,2,4,2,Placed,14.89
2026-06-01,CSE,Tier-2,7.96,4,2,1,Placed,15.22
2026-07-01,CSE,Tier-2,7.31,0,4,1,Not Placed,0.0
2026-03-01,ME,Tier-1,7.49,2,2,5,Not Placed,0.0
2026-06-01,CSE,Tier-3,7.75,2,6,0,Placed,13.24
2026-01-01,ISE,Tier-2,7.03,1,2,2,Not Placed,0.0
2026-03-01,ISE,Tier-3,7.27,1,6,0,Placed,13.97
2026-07-01,ECE,Tier-1,5.9,0,3,1,Not Placed,0.0
2026-08-01,ISE,Tier-2,9.01,1,7,1,Placed,15.84
2026-06-01,ISE,Tier-2,7.44,0,4,2,Placed,12.98
2026-05-01,ME,Tier-3,7.25,1,3,1,Placed,11.92
2026-01-01,CSE,Tier-2,9.82,2,4,4,Placed,17.68
2026-07-01,CSE,Tier-3,8.56,0,3,0,Not Placed,0.0
2026-08-01,CSE,Tier-2,7.99,1,1,0,Placed,11.95
2026-06-01,CSE,Tier-3,7.61,2,1,1,Placed,9.99
2026-05-01,ECE,Tier-2,7.97,1,4,4,Placed,14.04
2026-01-01,CE,Tier-3,6.93,2,3,0,Placed,11.39
2026-06-01,CSE,Tier-2,7.72,0,2,2,Placed,8.5
2026-02-01,ECE,Tier-2,8.36,1,4,2,Placed,14.08
2026-06-01,ISE,Tier-1,6.72,1,2,2,Placed,12.6
2026-02-01,ISE,Tier-2,6.61,1,3,1,Placed,10.19
2026-06-01,CE,Tier-1,7.42,0,1,2,Not Placed,0.0
2026-06-01,ME,Tier-1,7.09,1,3,4,Not Placed,0.0
2026-05-01,ME,Tier-3,8.93,3,0,4,Placed,14.39
2026-01-01,CSE,Tier-2,7.84,3,2,1,Placed,15.66
2026-08-01,ECE,Tier-1,8.99,1,3,2,Not Placed,0.0
2026-08-01,CSE,Tier-2,7.1,2,3,2,Placed,13.51
2026-03-01,ECE,Tier-2,9.16,0,5,0,Placed,14.73
2026-03-01,CSE,Tier-2,6.91,1,2,2,Not Placed,0.0
2026-05-01,ECE,Tier-3,8.51,0,4,2,Placed,12.06
2026-01-01,CSE,Tier-2,7.92,0,0,1,Not Placed,0.0
2026-05-01,ISE,Tier-2,6.46,1,3,3,Not Placed,0.0
2026-06-01,CSE,Tier-3,7.25,0,2,0,Not Placed,0.0
2026-02-01,ECE,Tier-2,7.17,0,3,1,Placed,11.29
2026-08-01,CE,Tier-2,9.16,1,5,3,Placed,16.64
2026-02-01,ME,Tier-2,5.8,0,2,0,Not Placed,0.0
2026-03-01,CSE,Tier-3,7.06,2,3,1,Placed,10.27
2026-07-01,ECE,Tier-2,7.72,1,1,3,Placed,11.03
2026-07-01,ISE,Tier-1,8.51,0,3,1,Placed,12.89
2026-08-01,ISE,Tier-1,7.03,2,3,2,Placed,13.6
2026-01-01,ECE,Tier-2,7.39,0,2,4,Not Placed,0.0
2026-04-01,CE,Tier-2,7.7,0,4,1,Placed,11.85
2026-02-01,ISE,Tier-2,8.02,2,3,2,Placed,13.72
2026-04-01,ISE,Tier-3,6.7,1,3,4,Not Placed,0.0
2026-04-01,ME,Tier-2,7.95,1,1,2,Not Placed,0.0
2026-01-01,CSE,Tier-1,7.48,3,1,3,Placed,12.98
2026-06-01,ECE,Tier-1,7.66,0,2,3,Placed,14.04
2026-04-01,CE,Tier-2,7.43,0,1,6,Not Placed,0.0
2026-08-01,CSE,Tier-1,7.87,3,4,4,Placed,14.88
2026-06-01,CE,Tier-1,7.15,2,3,1,Placed,14.67
2026-02-01,ECE,Tier-3,5.93,2,0,0,Placed,8.48
2026-04-01,ISE,Tier-1,7.0,2,0,2,Placed,12.42
2026-08-01,CE,Tier-2,7.46,0,2,0,Not Placed,0.0
2026-01-01,CSE,Tier-2,8.81,1,4,4,Not Placed,0.0
2026-06-01,CSE,Tier-1,7.75,1,1,2,Not Placed,0.0
2026-06-01,ECE,Tier-1,6.21,2,3,1,Placed,11.05
2026-03-01,CSE,Tier-1,7.26,2,4,0,Placed,13.17
2026-02-01,CSE,Tier-3,6.81,0,1,3,Not Placed,0.0
2026-02-01,ECE,Tier-1,8.81,0,7,3,Placed,16.05
2026-02-01,ME,Tier-2,7.97,2,4,1,Placed,14.89
2026-02-01,ME,Tier-3,8.78,0,2,0,Not Placed,0.0
2026-03-01,ECE,Tier-2,7.39,1,2,5,Placed,9.76
2026-03-01,CSE,Tier-2,7.61,1,6,1,Placed,12.35
2026-03-01,ISE,Tier-3,7.05,0,3,1,Not Placed,0.0
2026-01-01,ME,Tier-1,7.56,1,2,3,Not Placed,0.0
2026-03-01,CSE,Tier-2,8.46,2,1,2,Placed,13.33
2026-07-01,CSE,Tier-2,6.47,2,4,4,Not Placed,0.0
2026-07-01,CSE,Tier-1,9.12,2,2,2,Placed,15.88
2026-01-01,ECE,Tier-3,8.06,2,0,1,Placed,12.8
2026-08-01,CE,Tier-3,7.52,0,3,3,Placed,10.07
2026-02-01,CSE,Tier-1,7.69,0,8,0,Placed,14.24
2026-05-01,ECE,Tier-2,8.6,2,3,0,Not Placed,0.0
2026-06-01,ME,Tier-3,6.96,1,2,1,Not Placed,0.0
2026-08-01,ME,Tier-2,8.49,1,2,1,Placed,14.31
2026-03-01,ECE,Tier-3,5.23,1,1,4,Not Placed,0.0
2026-03-01,CE,Tier-3,7.45,2,1,4,Placed,12.81
2026-02-01,CSE,Tier-2,9.59,0,0,0,Placed,12.05
2026-02-01,CSE,Tier-2,7.52,2,0,2,Not Placed,0.0
2026-01-01,CSE,Tier-2,6.44,2,7,4,Not Placed,0.0
2026-06-01,ECE,Tier-2,8.91,2,3,3,Not Placed,0.0
2026-02-01,CSE,Tier-2,6.73,0,5,6,Placed,12.18
2026-08-01,CSE,Tier-3,6.5,1,1,1,Not Placed,0.0
2026-02-01,CSE,Tier-3,7.95,0,3,3,Not Placed,0.0
2026-04-01,ME,Tier-2,6.62,1,1,1,Not Placed,0.0
2026-04-01,ISE,Tier-2,6.75,1,3,1,Not Placed,0.0
